<?xml version="1.0" encoding="iso-8859-1"?>
<!DOCTYPE muclient>
<!-- Saved on Friday, April 09, 2010, 3:17 PM -->
<!-- MuClient version 4.51 -->

<!-- Plugin "channel_history" generated by Plugin Wizard -->
<!-- Pwar edited this on 12-4-2017
	I reformatted the code to make it more readable 
	and added gmcp handling and automatic creation of the categories
	specific to Aardwolf mud. Thanks to the original authors
	of the code for the history buffers Tyler S, Oriol G, Wyoun for their contributions!
-->

<muclient>
<plugin
   name="Aardwolf_VI_Assist"
   author="Pwar"
   id="6000a4c6f0e71d31fecf523d"
   language="Lua"
   purpose="Assists reading of various messages/events sorted into categories with hotkeys"
   date_written="2017-12-17 13:00:25"
   requires="4.51"
   version="1.0"
   save_state="y"
   >
<description trim="y">
<![CDATA[

Shortcut keys:

Alt + Right and Alt + Left - selects next and previous categorey

Shift + Alt + Right and Left - moves category in direction

Alt + Delete - will delete a category

Alt + 1 through Alt + 0 - read message 1 through 10. pressing again
                      with .5 seconds copies message to clipboard,
		      3rd time will paste into command window
		      
Alt + UpArrow and Downarrow to go up 1 message or down 1

Alt + PageUp and PageDown to go up 10 messages or down 10
		      
Alt+U  - copies url in currently selected message, double tapping
         will open the url in the current message

Settings:

via tts    - this toggles between using TTS interrupts and regular messages
             when reviewing, category changes will still be TTS messages
	     
via swskip - toggles skipping tts completely during speedwalking

via add    - allows you to add lines/categories yourself

Custom categories:
You can easily add lines to existing categories, or make your own.

Simply make a trigger "Send To" Execute
	via add All=Text line to add

This example would add the line "Text line to add" to the existing All
category. You could also create your own category.


]]>
</description>

</plugin>

<!--  Aliases  -->

<aliases>
  <alias
   script="gmcp_quest_info"
   match="^q(u(e(s(t?)?)?)?)? i(n(f(o?)?)?)?$"
   enabled="y"
   omit_from_command_history="n"
   omit_from_log="n"
   regexp="y"
   omit_from_output="n"
   sequence="100"
  >
  </alias>
  <alias
   script="gquest_check"
   match="^g(q(u(e(s(t?)?)?)?)?) (c(h(e(c(k?)?)?)?)?)"
   enabled="y"
   omit_from_command_history="n"
   omit_from_log="n"
   regexp="y"
   omit_from_output="n"
   sequence="100"
  >
  </alias>
  <alias
   script="campaign_check"
   match="^camp(a(i(g(n?)?)?)?) (c(h(e(c(k?)?)?)?)?)$"
   enabled="y"
   omit_from_command_history="n"
   omit_from_log="n"
   regexp="y"
   omit_from_output="n"
   sequence="100"
  >
  </alias>
  <alias
   script="campaign_check"
   match="^cp (c(h(e(c(k?)?)?)?)?)$"
   enabled="y"
   omit_from_command_history="n"
   omit_from_log="n"
   keep_evaluating="y"
   regexp="y"
   omit_from_output="n"
   sequence="100"
  >
  </alias>
  <alias
   script="campaign_request"
   match="^cp (r(e(q(u(e(s(t?)?)?)?)?)?)?)$"
   enabled="y"
   omit_from_command_history="n"
   omit_from_log="n"
   regexp="y"
   omit_from_output="n"
   sequence="100"
  >
  </alias>
  <alias
   script="campaign_request"
   match="^camp(a(i(g(n?)?)?)?) (r(e(q(u(e(s(t?)?)?)?)?)?)?)$"
   enabled="y"
   omit_from_command_history="n"
   omit_from_log="n"
   regexp="y"
   omit_from_output="n"
   sequence="100"
  >
  </alias>
  <alias
   script="history_delete"
   match="^history_delete"
   enabled="y"
   omit_from_command_history="y"
   omit_from_log="y"
   regexp="y"
   omit_from_output="y"
   sequence="100"
  >
  </alias>

  <alias
   script="category_move"
   match="^history_move (\w+)"
   enabled="y"
   omit_from_command_history="y"
   omit_from_log="y"
   regexp="y"
   omit_from_output="y"
   sequence="100"
  >
  </alias>

  <alias
   script="history_nx"
   match="^history_nx$"
   enabled="y"
   omit_from_command_history="y"
   omit_from_log="y"
   regexp="y"
   omit_from_output="y"
   sequence="100"
  >
  </alias>
  <alias
   script="history_url"
   match="^history_url$"
   enabled="y"
   omit_from_command_history="y"
   omit_from_log="y"
   regexp="y"
   omit_from_output="y"
   sequence="100"
  >
  </alias>
  <alias
   script="history_add"
   match="^via add (\w+)=(.*)"
   enabled="y"
   omit_from_command_history="y"
   omit_from_log="y"
   keep_evaluating="n"
   regexp="y"
   omit_from_output="y"
   sequence="100"
  >
  </alias>
  <alias
   script="history_add"
   match="^via add.?"
   enabled="y"
   omit_from_command_history="y"
   omit_from_log="y"
   keep_evaluating="n"
   regexp="y"
   omit_from_output="y"
   sequence="100"
  >
  </alias>
  <alias
   script="via"
   match="^via(.+)"
   enabled="y"
   keep_evaluating="y"
   regexp="y"
   omit_from_output="y"
   sequence="100"
  >
  </alias>
  <alias 
  match="^gqsim$"
  enabled="y"
  sequence="2"
  script="gq_simulate"
  regexp="y"
  >
  </alias>
  <alias 
  match="^gqsim2$"
  enabled="y"
  sequence="2"
  script="gq_simulate2"
  regexp="y"
  >
  </alias>
  <alias 
  match="^gqsim3$"
  enabled="y"
  sequence="2"
  script="gq_simulate3"
  regexp="y"
  >
  </alias>
  <alias 
  match="^cpsim$"
  enabled="y"
  sequence="2"
  script="cp_simulate"
  regexp="y"
  >
  </alias>
  <alias
   script="history_get"
   match="^history_get (\d+)$"
   enabled="y"
   omit_from_command_history="y"
   omit_from_log="y"
   regexp="y"
   omit_from_output="y"
   sequence="100"
  >
  </alias>
  <alias
   script="history_catprev"
   match="history_catprev"
   enabled="y"
   omit_from_command_history="y"
   omit_from_log="y"
   omit_from_output="y"
   sequence="100"
  >
  </alias>
  <alias
   script="history_catnext"
   match="history_catnext"
   enabled="y"
   omit_from_command_history="y"
   omit_from_log="y"
   omit_from_output="y"
   sequence="100"
  >
  </alias>
  <alias
   script="history_msgprev"
   match="^history_msgprev (\d+)$"
   enabled="y"
   omit_from_command_history="y"
   omit_from_log="y"
   omit_from_output="y"
   regexp="y"
   sequence="100"
  >
  </alias>
  <alias
   script="history_msgnext"
   match="^history_msgnext (\d+)$"
   enabled="y"
   omit_from_command_history="y"
   omit_from_log="y"
   omit_from_output="y"
   regexp="y"
   sequence="100"
  >
  </alias>
  <alias
   script="history_msgcopy"
   match="history_msgcopy"
   enabled="y"
   omit_from_command_history="y"
   omit_from_log="y"
   omit_from_output="y"
   sequence="100"
  >
  </alias>
</aliases>

  <triggers>
  <trigger
  enabled="y"
  group="Alert"
  match="^Global Quest:.+$"
  name="GqTrigger"
  regexp="y"
  send_to="12"
  sequence="100"
  >
  <send>
	history_addline("All", "%0")
	history_addline("Quests", "%0")
  </send>
  </trigger>
  
  <trigger
  enabled="y"
  group="Alert"
  match="^\*(?!\*)(.*)$"
  name="GlobalEmoteTrigger"
  regexp="y"
  send_to="12"
  sequence="100"
  >
  <send>
	history_addline("All", "%0")
	history_addline("Say", "%0")
  </send>
  </trigger>

  <trigger
  enabled="y"
  group="Alert"
  match="^INFO:.+$"
  name="InfoTrigger"
  regexp="y"
  send_to="12"
  sequence="100"
  >
  <send>
	history_addline("All", "%0")
  </send>
  </trigger>
  
  <trigger
  enabled="y"
  group="Alert"
  match="^Restore:.+$"
  name="RestoreTrigger"
  regexp="y"
  send_to="12"
  sequence="100"
  >
  <send>
	history_addline("All", "%0")
  </send>
  </trigger>
  <trigger
  enabled="y"
  group="Alert"
  match="^(WARFARE|GENOCIDE):.+$"
  name="WarfareTrigger"
  regexp="y"
  send_to="12"
  sequence="100"
  >
  <send>
	history_addline("Warfare", "%0")
  </send>
  </trigger>reply
</triggers>
<!--  Script  -->


<script>
<![CDATA[

require "gmcphelper"
dofile (GetInfo(60) .. "aardwolf_colors.lua")

local vi_ass_ver = "1.0.7"
local gmcp_handler_id = "3e7dedbe37e44942dd46d264"
local modes = {} -- for keyboard states
local messages = {}
local indices = {}
local currentList = {}
currentList["cp"] = {}
currentList["gq"] = {}
local currentIndex = 1
local cpList = {}
local silentCheck = true
local lastState
local current_category = 0 -- not set yet
local current_msg_id = 0
local on_global_quest = false
local speedWalkStop = false
swInProgress = false

local categories = {}

-- set up accelerators
for i = 1, 9 do
	Accelerator("alt + " .. i, "history_get " .. i)
end
Accelerator("alt + 0", "history_get 10") -- 10 is a special case
Accelerator("alt + right", "history_catnext")
Accelerator("alt + left", "history_catprev")
Accelerator("alt + down", "history_msgnext 1")
Accelerator("alt + up", "history_msgprev 1")
Accelerator("alt + pagedown", "history_msgnext 10")
Accelerator("alt + pageup", "history_msgprev 10")
Accelerator("alt + end", "history_msgnext 200")
Accelerator("alt + home", "history_msgprev 200")
Accelerator("shift+alt + right", "history_move right")
Accelerator("shift+alt + left", "history_move left")
Accelerator("alt+delete","history_delete")
Accelerator("alt + space", "history_msgprev 0")
Accelerator("alt+shift+space","history_msgcopy")
Accelerator("alt + u", "history_url")

function history_nx(name, line, wc)
	Execute("nx")
end

function history_addline(catname, line)
	history_add(nil, nil, {catname, line})
end

function gmcp_quest_info(name, line, w)
	Execute("sendgmcp request quest") -- request gmcp quest info
	Send("quest info") -- send the server side command also
end

function gquest_check(name, line, w)
	logmsg("{gquest check requested}")
	EnableTrigger("event_gq_end", true)
	SendNoEcho("echo {START_GQLIST}")
	EnableTrigger("event_gq_list_start", true)
	EnableTrigger("event_gq_line", true) -- watch for lines
	Send(line) -- send the server side command also
	SendNoEcho("echo {END_GQLIST}")
end

function campaign_check(name, line, w)
	logmsg("{campaign check requested}")
	SendNoEcho("echo {START_CPLIST}")
	EnableTrigger("event_cp_list_start", true)
	EnableTrigger("event_cp_line", true) -- watch for lines
	Send(line) -- send the server side command also
	SendNoEcho("echo {END_CPLIST}")
end

function check_silent(type)
	EnableTrigger("event_" .. type .. "_list_start", true)
	silentCheck = true
	SendNoEcho("echo {START_" .. string.upper(type) .. "LIST}")
	--print("{START_" .. string.upper(type) .. "LIST}")
	--gq_simulate7()
	SendNoEcho(type .. " check")
	SendNoEcho("echo {END_" .. string.upper(type) .. "LIST}")
	logmsg("silent check requested (" .. type .. ")")
end

function campaign_request(name, line, w)
	Send(line) -- send the server side command also
	EnableTrigger("event_cp_line", true)
	check_silent("cp")
	
end

function OnPluginCommand (sText)  
	if GetVariable("swstop") == "1" then
		if (speedWalkStop) then
			--print("Stopping TTS.")
			Execute(";tts_stop")
			speedWalkStop = false
		end
		return true
	end
end -- OnPluginCommand 
function history_clear_cat(cat)
	if cat ~= nil and #cat ~= 0 then
		for i = 1, #categories do
			if cat == categories[i] then
				logmsg("Cleared category: " .. categories[i])
				messages[categories[i]] = nil
				indices[categories[i]] = nil
			end
		end
		return
	end
end

function message_select(msg_index)
	current_msg_id = msg_index
	local t = {
		catname = categories[current_category],
		msg = messages[categories[current_category]][msg_index],
		index = msg_index
		}
	logmsg("Message index " .. msg_index .. " selected. Category is \"" .. categories[current_category] .. "\".")
	BroadcastPlugin(101, serialize.save_simple(t)) -- broadcast we have selected a new message in a category
end

function history_delete(n,l,w)
	if #categories == 0 then
		speak("no categories")
		return
	end
	if current_category == 0 then
		speak("No category selected.")
		return
	end
	messages[categories[current_category]] = nil
	indices[categories[current_category]] = nil
	table.remove(categories, current_category)
	if current_category > #categories then
		current_category = 1
	end
	if #categories > 0 then
		speak(categories[current_category])
	else
		speak("no more categories.")
	end
end

function category_move(name, line, w)
	if #categories == 0 then
		speak("no categories")
		return
	end
	if current_category == 0 then
		speak("No category selected.")
		return
	end
	name = categories[current_category]
	table.remove(categories,current_category)
	if w[1]=="right" then
		current_category = current_category + 1
	if current_category > #categories + 1 then
		current_category = 2
	end
	else
		current_category = current_category - 1
		if current_category < 1 then
			current_category = #categories
		end
	end
	table.insert(categories, current_category, name)
	speak("moved.")
end

local function has_value(table, val)
	for i = 1, #table do
		if table[i] == val then
		    return true
	        end
	end
	return false
end

function history_add(name, line, wc)
	local cat, msg = wc[1], wc[2]

	if wc[1] == nil or wc[2] == nil then
		printmsg("Usage is\nvia add All=Text line to add")
		return
	end
	if messages[cat] == nil then
		if has_value(categories, cat) then
			-- Already have category, clearing messages and indices
			messages[cat] = {}
			indices[cat] = 0
		else
			messages[cat] = {}
			indices[cat] = 0
			table.insert(categories, cat)
		end
	end

	if msg ~= "" then
		table.insert(messages[cat], msg)
		local t = {cat, msg}
		BroadcastPlugin(100, serialize.save_simple(t)) -- broadcast we have a new message added to a buffer
		logmsg("addBuffer[" .. cat .. "] - " .. msg)
	end	
	--table.insert(messages[cat], msg)
	-- if we go over 100 items, remove the oldest one
	if #messages[cat] > 100 then
		table.remove(messages[cat], 1)
		if indices[cat] > 1 then
			indices[cat] = indices[cat] - 1
		end
	end
end


-- helper function to say stuff
function speak(msg, mode)

	if GetVariable("tts_interrupt") ~= "1" and mode ~= "tts" then
		mode = "note"
	else
		mode = "tts"
	end


	--if mode == nil then mode = "tts" end
	if mode == "tts" then
		Execute(";tts_interrupt " .. msg)
	else
		Note(msg)
	end
end

	--if GetVariable("tts_interrupt") == "1" or nil then
	--	Execute(";tts_interrupt " .. msg)
	--else
	--	Note(msg)
	--end
--end

function history_url(name, line, wc)
	local timeout = 0.5 -- in seconds
	
	local item = current_msg_id
	
	if current_category == nil or current_msg_id == nil or messages[categories[current_category]] == nil then
		speak("no message selected")
		return
	end
	local msgstr = messages[categories[current_category]][current_msg_id]
	
	if msgstr == nil then
		speak("no message selected")
		return
	end 
	
	local url = url_from_string(messages[categories[current_category]][current_msg_id])
	if url == nil then
		speak("no url found")
		return
	end
	if modes[item] == nil then
		modes[item] = {os.clock(), 1}
	elseif os.clock()-modes[item][1] >= timeout then
		modes[item][1] = os.clock()
		modes[item][2] = 1
	else
		modes[item][1] = os.clock()
		modes[item][2] = modes[item][2] + 1
	end

	if modes[item][2] > 2 then
		modes[item][2] = 2
	end
	
	if modes[item][2] == 1 then
	
		SetClipboard(url)
		speak("copied url")
	elseif modes[item][2] == 2 then
		OpenBrowser(url)
		speak("opening url")
	end
	
end

function url_from_string(str)
	local pattern = "https?://[%w-_%.%?%.:/%+=&]+"
	local start, stop = (string.find(str, pattern))
	
	if start == nil then
		return
	end
	
	local url = string.sub(str, start, stop)
	url = string.gsub(url, "'", "") -- strip apostrophes out from some comm channels (these aren't used in urls in general)
	stop = url:find(' ')
	if stop ~= nil then 
		url = string.sub(url, 1, stop - 1)
	end
	return url
end

function history_get(name, line, wc)
	local str = ""
	if current_category == 0 and #categories == 0 then
		speak("No categories")
		return
	elseif current_category == 0 and #categories > 0 then
		for i, result in ipairs(categories) do
			if categories[i] == "All" then
				current_category = i
			end
		end
		if current_category > 0 then
			str = str .. "switching to all."
		else
			str = str .. "switching to " .. categories[1] .. ". Use alt left and right arrows to change."
			current_category = 1
		end
	end
	if messages[categories[current_category]] == nil then
		speak("No messages.")
		return
	end
	local item = tonumber(wc[1])
		if #messages[categories[current_category]] < item then
		speak("no message")
		return
	end

	-- now that all that's out of the way, we can start our real code which should always succeed.
	local timeout = 0.5 -- in seconds
	if modes[item] == nil then
	modes[item] = {os.clock(), 1}
	elseif os.clock()-modes[item][1] >= timeout then
	modes[item][1] = os.clock()
	modes[item][2] = 1
	else
	modes[item][1] = os.clock()
	modes[item][2] = modes[item][2] + 1
	end
	if modes[item][2] > 3 then
	modes[item][2] = 3
	end

	local real_item = #messages[categories[current_category]] + 1 - item
	if modes[item][2] == 1 then
	speak(str .. " " .. messages[categories[current_category]][real_item])
	elseif modes[item][2] == 2 then
	SetClipboard(messages[categories[current_category]][real_item])
	speak("copied")
	elseif modes[item][2] == 3 then
	PasteCommand(messages[categories[current_category]][real_item])
	speak("pasted")
	end
	--current_msg_id = real_item
	message_select(real_item)
end

function history_catnext(name, line, wc)
	current_msg_id = 0;
	local mode = nil
	if #categories == 0 then
		speak("no categories", "tts")
		return
	end
	current_category = current_category + 1
	
	if current_category > #categories then
		current_category = 1
	end
	if ((messages[categories[current_category]] == nil) or (#messages[categories[current_category]] == 0)) and categories[current_category] ~= "All" then
		repeat
		logmsg("Skipping empty category: " .. categories[current_category])
		current_category = current_category + 1

		if messages[categories[current_category]] == nil then return end
		-- skip empty categories until one with messages is reached, or All category is encountered
		until categories[current_category] == "All" or (#messages[categories[current_category]] ~= 0)
	end
	speak(categories[current_category], "tts")
	if messages[categories[current_category]] ~= nil then
		message_select(#messages[categories[current_category]])
	end
end

function history_catprev(name, line, wc)
	current_msg_id = 0;
	local mode = nil
	if #categories == 0 then
		speak("no categories", "tts")
		return
	end
	current_category = current_category - 1
	
	if current_category < 1 then
		current_category = #categories
	end
	if ((messages[categories[current_category]] == nil) or (#messages[categories[current_category]] == 0)) and categories[current_category] ~= "All" then
		repeat
		logmsg("Skipping empty category: " .. categories[current_category])
		current_category = current_category - 1
		if messages[categories[current_category]] == nil then return end
		-- skip empty categories until one with messages is reached, or All category is encountered
		until (#messages[categories[current_category]] ~= 0) or categories[current_category] == "All"
	end
	speak(categories[current_category], "tts")
	if messages[categories[current_category]] ~= nil then 
		message_select(#messages[categories[current_category]])
	end
end

function history_msgnext(name, line, wc)
	local skip = tonumber(wc[1])
	local str = ""
	if #messages[categories[current_category]] == 0 or indices[categories[current_category]] == nil then
		speak("No messages.")
		return
	end
	if #categories == 0 then
		speak("no categories")
		return
	end
	if current_category == 0 then
		speak("No category selected.")
		return
	end
	if indices[categories[current_category]] == 0 then
		indices[categories[current_category]] = #messages[categories[current_category]]
	end
	if indices[categories[current_category]] + skip > #messages[categories[current_category]] then
		indices[categories[current_category]] = #messages[categories[current_category]]
		str = str .. "Bottom: "
	else
		indices[categories[current_category]] = indices[categories[current_category]] + skip
	end
	
	local msg = messages[categories[current_category]][indices[categories[current_category]]]
	if msg ~= nil then
		speak(str .. msg)
	else
		speak("No messages.")
	end
	local real_item = indices[categories[current_category]]
	message_select(real_item)
end

function history_msgprev(name, line, wc)
	local skip = tonumber(wc[1])
	local str = ""
	if #messages[categories[current_category]] == 0 or indices[categories[current_category]] == nil then
		speak("No messages.")
		return
	end
	if #categories == 0 then
		speak("no categories")
		return
	end
	if current_category == 0 then
		speak("No category selected.")
		return
	end
	if indices[categories[current_category]] == 0 then
		indices[categories[current_category]] = #messages[categories[current_category]]
	end
	if indices[categories[current_category]] - skip < 1 then
		indices[categories[current_category]] = 1
		str = str .. "Top: "
	else
		indices[categories[current_category]] = indices[categories[current_category]] - skip
	end

	local msg = messages[categories[current_category]][indices[categories[current_category]]]
	if msg ~= nil then
		speak(str .. msg)
	else
		speak("No messages.")
	end
	local real_item = indices[categories[current_category]]
	message_select(real_item)
end

function history_msgcopy(name, line, wc)
	if #categories == 0 then
		speak("no categories")
		return
	end
	if current_category == 0 then
		speak("No category selected.")
		return
	end
	if indices[categories[current_category]] == 0 then
		indices[categories[current_category]] = #messages[categories[current_category]]
	end
	SetClipboard(messages[categories[current_category]][indices[categories[current_category]]])
	speak("copied")
end

function via_help(AliasName, AliasLine, wildcards)
        print("")
        NoteStyle(2)
        print("Aardwolf VI Assist Plugin v" .. vi_ass_ver)
        NoteStyle(0)
        print("")
        ColourNote("SteelBlue", "", GetPluginInfo (GetPluginID (), 3))
        print("")
        return
end

function OnPluginInstall()
        print("")
        speak("Loaded VI Assist plugin, type \"via help\" for shortcuts and commands")
        print("")
	if GetVariable("tts_interrupt") == nil then
		SetVariable("tts_interupt", "1")
	end
	check_silent("cp")
end

function parse_list(list, mode)
	-- mode can be CP or QP
	
	local index = #list+1
	local place
	line_spacing = 0
	local offset = 34
	history_clear_cat(mode) -- clear the old buffer and fill with new data
	
	for i,v in ripairs (list) do
		index = index - 1
		local qty = ""
		if (v.qty > 1) then
			qty = string.format("%s * ", v.qty)
		end
		
		local mobText = v.mob
		local deadFlag = false
		if (v.isDead ~= nil and v.isDead ~= "") then
			mobText = mobText .. " [Dead]"
			deadFlag = true
		end
		if (v.type == "area") then
			place = string.format("%s", v.areaId)
		elseif (v.type == "room") then
			place = string.format("'%s' (%s) [%s-%s]", v.roomName, v.areaId, v.min, v.max)
		else -- unknown
			place = string.format("'%s' is Unknown", v.roomName, v.areaId)
		end
		local displayText = string.format("%s) %s%s - %s", index, qty, mobText, place)
		history_addline(mode, displayText)
		for i = 1, #categories do
			if categories[i] == mode then
				message_select(#messages[categories[i]])
			end
		end
		--Note(displayText)
	end
end

-- reverse ipairs function
function ripairs(t)
	local function ripairs_it(t,i)
		i=i-1
		local v=t[i]
		if v==nil then return v end
		return i,v
	end
	return ripairs_it, t, #t+1
end

function OnPluginBroadcast (msg, id, name, text)
	if (id == '3e7dedbe37e44942dd46d264') then              -- GMCP Handler plugin
		
		if text == "char.status" then
			local state = gmcp("char.status.state")
			--print("State is" .. state)
			if lastState ~=nil then
				--print("lastState = " .. lastState .. " state=" .. state)
			end
			if lastState == "12" and state ~= "12" then
				--logmsg("Speedwalk completed, state has switched from running (12) to: " .. state)
				--logmsg("Waiting for next input and will silence tts.")
				if GetVariable("swskip") == "1" then
					swInProgress = false
					Execute("tts")
				end
				--speedWalkStop = true
			end
			 
			lastState = state
			if state == "12" then
				if not swInProgress then
					if GetVariable("swskip") == "1" then
						speak("Speedwalk skip")
						swInProgress = true
						Execute("tts")
					end
					--print("State is" .. state)
				end
			end
			
		elseif (text == "comm.channel") then
			local channel = gmcp("comm.channel.chan")
			local msg = gmcp("comm.channel.msg")
			local t
			msg = strip_colours(msg)
			local url = url_from_string(msg)
			--print(url)
			history_addline("All", msg)
	
			if url ~= nil then --url in one of the comm messages, let's move this to URL window for history
				history_addline("URLs", msg)
			end
	
			if channel == "say" then
				t = {"Say", msg}
			elseif channel == "gtell" then
				t = {"Group", msg}
			elseif channel == "tell" then
				t = {"Tells", msg}
			elseif channel == "clantalk" then
				t = {"Clan", msg}
			elseif channel == "claninfo" then
				t = {"Clan", msg}
			elseif channel == "auction" then
				t = {"Commerce", msg}
			elseif channel == "market" then
				t = {"Commerce", msg}
			elseif channel == "barter" then
				t = {"Commerce", msg}
			elseif channel == "spouse" then
				t = {"Spouse", msg}
			elseif channel == "answer" then
				t = {"Answers", msg}
			elseif channel == "question" then
				t = {"Answers", msg}
			elseif channel == "gossip" then
				t = {"Gossip", msg}
			elseif channel == "helper" then
				t = {"Helper", msg}
			elseif channel == "ftalk" then
				t = {"Friend", msg}
			elseif channel == "newbie" then
				t = {"Newbie", msg}
			else
				return -- this *should* stop duplicates, if not we'll see
			end
	
			if t ~= nil then
				history_add(nil, nil, t)
			end
			return
				
		elseif (text == "comm.quest") then
			local action = gmcp("comm.quest.action")
			local quest = gmcp("comm.quest")
			local msg
	
			if (action == "ready") then
				msg = "You may now quest again."
		
			elseif (action == "reset") then
				local timer = quest.timer
				msg = "Quest timer has been reset to " .. timer .. " minutes."
		
			elseif (action == "fail") then
				local wait = quest.wait
				msg = "Quest has failed! You can quest again in " .. wait .. " minutes."
		
			elseif (action == "warning") then
				local time = quest.time
				msg = "Quest warning: " .. time .. " minutes remaining!"
	
			elseif (action == "timeout") then
				local wait = quest.wait
				if wait == "0" then
					msg = "You have run out of time for quest. You may try again now."
				else
					msg = "You have run out of time for quest. You may take one again in " .. wait .. "minutes."
				end
		
			elseif (action == "killed") then
				msg = "Your quest is almost complete!"

			elseif (action == "comp") then
				local totqp = quest.totqp
				msg = "Quest completed for " .. totqp .. " QPs."
		
			elseif (action == "status") then
				local target = quest.targ
				local starget = quest.target
				local room = quest.room
				local area = quest.area
				local wait = quest.wait
				local timer = quest.timer 
				local status = quest.status
		
				if wait ~= nil then
					msg = "There are " .. wait .. " minutes remaining until you can go on another quest"
				elseif status == "ready" then
					msg = "You do not have to wait to go on another quest."
				elseif target == "missing" then
					msg = "Quest target is missing! Not in room or area!"
				elseif starget == "killed" then
					msg = "Your quest is almost complete!"
				else
					msg = "Quest target is \"" .. target .. "\" in room \"" .. room .. "\" of area: \"" .. area .. "\"" .. ", " .. timer .. " minutes remaining."
				end
		
			elseif (action == "start") then
				local target = quest.targ
				local room = quest.room
				local area = quest.area
				msg = "Quest target is \"" .. target .. "\" in room \"" .. room .. "\" of area: \"" .. area .. "\""
			end 
			if msg ~= nil then
				history_addline("All", msg)
				history_addline("Quests", msg)
			end
		end
	end
end

function parse_list_line(type, wc)
	currentList[type][currentIndex] = {
		mob = wc.mob,
		where = wc.where,
		isdead = wc.isdead,
		qty = tonumber(wc.qty)
		}
	currentIndex = currentIndex + 1
end

function event_gq_line(name, line, wc, styles)
	logmsg("parse_list_line: (gq) " .. line)
	parse_list_line("gq", wc)
end

function event_gq_reward_note(name, line, wc, styles)

end

function event_gq_remaining(name, line, wc, styles)

end

function category_select(index)
	current_category = index
	if messages[categories[current_category]] ~= nil then
		message_select(#messages[categories[current_category]])
	end
	return
end

function event_cp_line(name, line, wc, styles)
	logmsg("parse_list_line: (cp) " .. line)
	parse_list_line("cp", wc)
end

function event_gq_join(name, line, wc, styles)
	logmsg("event_gq_joinstart(): " .. line)
	EnableTrigger("event_gq_join", false)
	
	EnableTrigger("event_gq_end", true)
	EnableTrigger("event_gq_list_start", true)
	EnableTrigger("event_gq_line", true)
	EnableTrigger("event_gq_start", true) -- watch for start event
	check_silent("gq") --pwar
end

function event_gq_start(name, line, wc, styles)
	logmsg("event_gq_start() fired")
	EnableTrigger("event_gq_start", false)
	EnableTrigger("event_gq_end", true)
	EnableTrigger("event_gq_list_start", true)
	EnableTrigger("event_gq_line", true)
	check_silent("gq") --pwar
end

function event_cp_end(name, line, wc, styles)
	logmsg("event_cp_end() fired")
	EnableTrigger("event_cp_line", false)
	EnableTrigger("event_cp_end", false)
	EnableTrigger("event_cp_mob_kill", false)
	clear_list("cp")
end

function event_gq_end(name, line, wc, styles)
	logmsg("event_gq_end() fired")
	EnableTrigger("event_gq_end", false)
	clear_list("gq")
end

function clear_list(type)
	currentList[type] = {}
	history_clear_cat(string.upper(type))
	
	-- if the list we are clearing is the category we have selected, move us
	-- the most recent message under "All"
	
	if current_category == find_catid_by_name(string.upper(type)) then
		current_category = find_catid_by_name("All")
		message_select(#messages[categories[current_category]])
	end
end

function event_gq_list_start(name, line, wc, styles)
	local type = "gq"
	EnableTrigger("event_" .. type .. "_line", true) -- watch for lines
	EnableTrigger("event_" .. type .. "_end", true) --watch for end
	EnableTrigger("event_" .. type .. "_note", true) --watch for notes
	
	if (silentCheck) then
		SetTriggerOption("event_" .. type .. "_line", "omit_from_output", "1")
		SetTriggerOption("event_" .. type .. "_line", "omit_from_log", "1")
		SetTriggerOption("event_" .. type .. "_note", "omit_from_output", "1")
		SetTriggerOption("event_" .. type .. "_note", "omit_from_log", "1")
		SetTriggerOption("event_" .. type .. "_end", "omit_from_output", "1")
		SetTriggerOption("event_" .. type .. "_end", "omit_from_log", "1")
	end
	start_list("gq")
end

function event_cp_list_start(name, line, wc, styles)
	local type = "cp"
	EnableTrigger("event_" .. type .. "_line", true) -- watch for lines
	EnableTrigger("event_" .. type .. "_end", true) --watch for end
	EnableTrigger("event_" .. type .. "_note", true) --watch for notes
	
	if (silentCheck) then
		SetTriggerOption("event_" .. type .. "_line", "omit_from_output", "1")
		SetTriggerOption("event_" .. type .. "_line", "omit_from_log", "1")
		SetTriggerOption("event_" .. type .. "_note", "omit_from_output", "1")
		SetTriggerOption("event_" .. type .. "_note", "omit_from_log", "1")
		SetTriggerOption("event_" .. type .. "_end", "omit_from_output", "1")
		SetTriggerOption("event_" .. type .. "_end", "omit_from_log", "1")
	end
	start_list("cp")
end

function event_cp_list_end(name, line, wc, styles)
	end_list("cp")
end

function event_cp_time_left(name, line, wc, styles)
	
end

function event_cp_level_msg(name, line, wc, styles)
	
end

function event_cp_note(name, line, wc, styles)
	logmsg("event_cp_note fired!: " .. line)
end

function event_gq_note(name, line, wc, styles)
	logmsg("event_gq_note fired!: " .. line)
end

function start_list(type)
	EnableTrigger("event_" .. type .. "_line", true)
	EnableTrigger("event_" .. type .. "_mob_kill", true)
	EnableTrigger("event_" .. type .. "_list_end", true)
	EnableTrigger("event_" .. type .. "_note", true)
	EnableTrigger("event_" .. type .. "_end", true)
	currentList[type] = {}
	logmsg(type .. "_list_start() fired")
	history_clear_cat(string.upper(type))
end

function end_list(type)
	currentIndex = 1
	EnableTrigger("event_" .. type .. "_line", false)
	EnableTrigger("event_" .. type .. "_list_end", false)
	EnableTrigger("event_" .. type .. "_join", true)
	EnableTrigger("event_" .. type .. "_mob_kill", true)
	
	silentCheck = false
	SetTriggerOption("event_" .. type .. "_line", "omit_from_output", "0")
	SetTriggerOption("event_" .. type .. "_line", "omit_from_log", "0")
	SetTriggerOption("event_" .. type .. "_note", "omit_from_output", "0")
	SetTriggerOption("event_" .. type .. "_note", "omit_from_log", "0")
	SetTriggerOption("event_" .. type .. "_end", "omit_from_output", "0")
	SetTriggerOption("event_" .. type .. "_end", "omit_from_log", "0")
	
	logmsg(type .. "_list_end() fired .. list size: " .. #currentList[type])
	if #currentList[type] == 0 then
		logmsg("End of " .. type .. " list, list is empty.")
		return
	end	
	for index,value in ripairs(currentList[type]) do
		local strListItem = ""
		if value.qty ~= nil and value.qty > 1 then strListItem = value.qty .. " " end
		strListItem = strListItem .. value.mob .. "; in area: " .. value.where
			if (value.isdead ~= nil and value.isdead ~= "") then
				strListItem = strListItem .. "- Mob is dead!"
			end
		logmsg(string.upper(type) .. " buffer: " .. strListItem)
		history_addline(string.upper(type), strListItem)
		--set focus here
		
	end
	if type == "gq" then -- if it's a gquest we switch to gquest tab and proper entry
		logmsg("end_list type is gq, switching to category")
		current_category = find_catid_by_name(string.upper(type))
		if messages[categories[current_category]] ~= nil then
			if current_msg_id > #messages[categories[current_category]] or current_msg_id == 0 then
				message_select(#messages[categories[current_category]])
			end
		end
	end
end

function event_gq_list_end(name, line, wc, styles)
	end_list("gq")
end

function find_catid_by_name(cat)
	for i = 1, #categories do
		if categories[i] == cat then
			return i
		end
	end
return
end

function event_gq_mob_kill(name, line, wc, styles)
	logmsg("event_gq_mob_kill: " .. line)
	check_silent("gq")
end

function event_cp_mob_kill(name, line, wc, styles)
	logmsg("event_cp_mob_kill: " .. line)
	check_silent("cp")
end

function get_current_selection()
	local currCat = categories[current_category]
	local listLen
	if currentList[string.lower(currCat)] ~= nil then
		listLen = #currentList[string.lower(currCat)]
	end
	return currCat, current_msg_id, listLen
	
end

function create_triggers()

	local triggerFlags = trigger_flag.RegularExpression
	
	check (AddTriggerEx("event_gq_line",
	   "^You still have to kill (?<qty>[0-9]) \\* (?<mob>[^\\(]+) \\((?<where>.+?)(?<isdead> - Dead)?\\)$",
	   "",
	   triggerFlags,
	   -1, 0, "",
	   "event_gq_line", sendto.script, 1))	   

	check (AddTriggerEx("event_cp_line",
	   "^You still have to kill \\* (?<mob>[^\\(]+) \\((?<where>.+?)(?<isdead> - Dead)?\\)\\.?$",
	   "",
	   triggerFlags,
	   -1, 0, "",
	   "event_cp_line", sendto.script, 1))
	   	   
	check (AddTriggerEx("event_gq_join",
	   "^You have now joined Global Quest (.+) See 'help gquest' for available commands.$",
	   "",
	   triggerFlags + trigger_flag.Enabled,
	   -1, 0, "",
	   "event_gq_join", sendto.script, 1))

	check (AddTriggerEx("event_gq_start",
	   "^Global Quest: Global quest (.+) has now started\\.$",
	   "",
	   triggerFlags,
	   -1, 0, "",
	   "event_gq_start", sendto.script, 1))
	   
	check (AddTriggerEx("event_gq_mob_kill",
	   "^Congratulations, that was one of the GLOBAL QUEST mobs!$",
	   "",
	   triggerFlags,
	   -1, 0, "",
	   "event_gq_mob_kill", sendto.script, 1))
	
	check (AddTriggerEx("event_cp_mob_kill",
	   "^Congratulations, that was one of your CAMPAIGN mobs!$",
	   "",
	   triggerFlags + trigger_flag.Enabled,
	   -1, 0, "",
	   "event_cp_mob_kill", sendto.script, 1))   
	   
	check (AddTriggerEx("event_gq_end",
	   "^You are not in a global quest.$",
	   "",
	   triggerFlags,
	   -1, 0, "",
	   "event_gq_end", sendto.script, 1))
	   
	check (AddTriggerEx("event_cp_end",
	   "^(" ..
	   "^CONGRATULATIONS! You have completed your campaign.*|" ..
	   "You are not currently on a campaign.*" ..
	   ")$",
	   "",
	   triggerFlags,
	   -1, 0, "",
	   "event_cp_end", sendto.script, 1))
	   
	check (AddTriggerEx("event_gq_list_start",
	   "^\\{START_GQLIST\\}$",
	   "",
	   triggerFlags + trigger_flag.OmitFromLog + trigger_flag.OmitFromOutput + trigger_flag.Enabled,
	   -1, 0, "",
	   "event_gq_list_start", sendto.script, 1))
	   
	check (AddTriggerEx("event_gq_list_end",
	   "^\\{END_GQLIST\\}$",
	   "",
	   triggerFlags + trigger_flag.OmitFromLog + trigger_flag.OmitFromOutput,
	   -1, 0, "",
	   "event_gq_list_end", sendto.script, 1))
	   
	check (AddTriggerEx("event_cp_list_start",
	   "^\\{START_CPLIST\\}$",
	   "",
	   triggerFlags + trigger_flag.OmitFromLog + trigger_flag.OmitFromOutput + trigger_flag.Enabled,
	   -1, 0, "",
	   "event_cp_list_start", sendto.script, 1))
	   
	check (AddTriggerEx("event_cp_list_end",
	   "^\\{END_CPLIST\\}$",
	   "",
	   triggerFlags + trigger_flag.OmitFromLog + trigger_flag.OmitFromOutput,
	   -1, 0, "",
	   "event_cp_list_end", sendto.script, 1))
	
      check (AddTriggerEx("event_gq_note",
              "^(" ..
		 "You can be rewarded for (.+) more kills this level.*|"       ..
                 "Note\\: One or more target names in this gquest might be slightly scrambled.*|"    ..
                 "You may win (.+) more gquests at this level.*" ..
	      ")$",
	      "",
	      triggerFlags,
	      -1, 0, "",
	      "event_gq_note", sendto.script, 1))
	    
      check (AddTriggerEx("event_cp_note",
              "^(" ..
                 "You have (.+) left to finish this campaign\\.*|"       ..
		 "You will have to level before you can go on another campaign\\.*|"       ..
		 "You have completed (.+) campaigns today\\.*|"	..
		 "You may take a campaign at this level.*|"       ..
                 "Note\\: One or more target names in this campaign might be slightly scrambled.*|"    ..
                 "Note\\: Dead means that the target is dead, not that you have killed it\\.*" ..
	      ")$",
	      "",
	      triggerFlags,
	      -1, 0, "",
	      "event_cp_note", sendto.script, 1))
end

create_triggers()


function gq_simulate()
	Simulate("Global Quest: Global quest # 7405 has been declared for levels 61 to 72.\n")
	Simulate("Global Quest: The quest will start in 4 ticks and will last for 92 ticks.\n")
	Simulate("Global Quest: See 'Help Global Quests', or, type 'Gquest Join 7405' to take part.\n")
	
	Simulate("You have now joined Global Quest #52352355 See 'help gquest' for available commands.\n")
	
	Simulate("Global Quest: Global quest (.+) has now started.\n")
	
end

function gq_simulate2()
	--Simulate("Global Quest: Global quest # 7405 has been declared for levels 61 to 72.\n")
	--Simulate("Global Quest: The quest will start in 4 ticks and will last for 92 ticks.\n")
	--Simulate("Global Quest: See 'Help Global Quests', or, type 'Gquest Join 7405' to take part.\n")
	
	--Simulate("You have now joined Global Quest #52352355 See 'help gquest' for available commands.\n")
	
	--Simulate("Global Quest: Global quest (.+) has now started.\n")
	--Simulate("{START_GQLIST}\n")
	

	Simulate("You still have to kill 1 * Vidav (Earth Plane 4)\n")
	Simulate("You still have to kill 1 * a small green frog (Plains of Nulan'Boar)\n")
	Simulate("You still have to kill 1 * a longhorn calf (Plains of Nulan'Boar)\n")
	Simulate("You still have to kill 1 * Commander Wils Ferdinand (Storm Ships of Lem-Dagor)\n")
	Simulate("You still have to kill 1 * Baal, prince of war (The Flying Citadel)\n")
	Simulate("You still have to kill 1 * a visiting duergar (The Goblin Fortress)\n")
	Simulate("You still have to kill 1 * the mayor's backstabbing son (The Goblin Fortress)\n")
	Simulate("You still have to kill 2 * Apple throwing tree (The Land of Oz)\n")
	Simulate("You still have to kill 2 * a little Munchkin (The Land of Oz)\n")
	Simulate("You still have to kill 2 * an astral deva (The Upper Planes)\n")
	Simulate("You still have to kill 1 * a large shaggy Morgrath (The Yurgach Domain)\n")

	Simulate("Note: One or more target names in this gquest might be slightly scrambled.\n")
	Simulate("You may win 3 more gquests at this level.\n")
	Simulate("You can be rewarded for 100 more kills this level.\n")
	--Simulate("{END_GQLIST}\n")
	
	--Simulate("Congratulations, that was one of the GLOBAL QUEST mobs!\n")
end

function gq_simulate7()
	--Simulate("Global Quest: Global quest # 7405 has been declared for levels 61 to 72.\n")
	--Simulate("Global Quest: The quest will start in 4 ticks and will last for 92 ticks.\n")
	--Simulate("Global Quest: See 'Help Global Quests', or, type 'Gquest Join 7405' to take part.\n")
	
	--Simulate("You have now joined Global Quest #52352355 See 'help gquest' for available commands.\n")
	
	--Simulate("Global Quest: Global quest (.+) has now started.\n")
	--Simulate("{START_GQLIST}\n")
	
	SendNoEcho("echo You still have to kill 1 * a creepy spider (Aardington Estate)")
	SendNoEcho("echo You still have to kill 2 * a busy bee (Aardington Estate)")
	SendNoEcho("echo You still have to kill 1 * a large furry creature (Imperial Nation)")
	SendNoEcho("echo You still have to kill 1 * a goteguard (The Fabled City of Stone)")
	SendNoEcho("echo You still have to kill 2 * a very young wyvern (The Goblin Fortress)")

	SendNoEcho("echo Note: One or more target names in this gquest might be slightly scrambled.")
	SendNoEcho("echo You may win 3 more gquests at this level.")
	SendNoEcho("echo You can be rewarded for 100 more kills this level.")
end


function gq_simulate3()
	check_silent("gq")
end

function cp_simulate()
	check_silent("cp")
end

function gq_simulate4()
			Simulate("You have now joined Global Quest #52352355 See 'help gquest' for available commands.\n")
			Simulate("Global Quest: Global quest (.+) has now started.\n")
			Simulate("{START_GQLIST}\n")
			Simulate("\nYou still have to kill 1 * A kicking patient (A FAKE-private room)\n")
			Simulate("You still have to kill 1 * A snoring patient (Canyon Memorial Hospital)\n")
			Simulate("You still have to kill 1 * Sergeant Steel (The Armory)\n")
			Simulate("You still have to kill 1 * An abominable snowman (The Snowy Path)\n")
			Simulate("You still have to kill 1 * The senior assassin (Assassins' Scrying Chamber)\n")
			Simulate("You still have to kill 1 * Lord Kyron (The DarkLight)\n")
			Simulate("You still have to kill 1 * Buck (Imperial Nation)\n")
			Simulate("You still have to kill 1 * Bjorn (Realm of the Firebird)\n")
			Simulate("You still have to kill 2 * a crow (Realm of the Firebird)\n")
			Simulate("You still have to kill 2 * a gate guard (Realm of the Firebird)\n")
			Simulate("You still have to kill 1 * Destroyer of Minds (Deathtrap Dungeon)\n")
			Simulate("You still have to kill 1 * Rudolph (In the Air)\n")
			Simulate("You still have to kill 1 * a tester of fire (The experimenting room (Fire))\n")
			Simulate("You still have to kill 2 * a Bad Apple (Umari's Castle)\n")
			Simulate("You still have to kill 1 * the third little pig (Pig Pen)\n\n")
			Simulate("{END_GQLIST}\n")

			--Simulate("Congratulations, that was one of the GLOBAL QUEST mobs!\n")
			--Note (GetTriggerOption ("event_gq_join", "enabled"))
end

function printmsg(msg)
	ColourNote("steelblue", "", msg)
end

function logmsg(msg)
	if GetVariable("debug") == "1" then
		ColourNote("olive", "", "[dbg] ", "SteelBlue", "", msg)
	end
end

function via(alias, line, wc)
	local togName
	if string.lower(wc[1]) == " debug" then
		togName = "debug"
	elseif string.lower(wc[1]) == " swstop" then
		togName = "swstop"
	elseif string.lower(wc[1]) == " swskip" then
		togName = "swskip"
	elseif string.lower(wc[1]) == " tts" then
		togName = "tts_interrupt"
	elseif string.lower(wc[1]) == " help" then
		via_help()
		return
	else
		ColourNote("steelblue", "", "Valid options are:")
		ColourNote("steelblue", "", "via tts                    > enables/disables tts interrupt for message review (not categories)")
		ColourNote("steelblue", "", "via swstop                 > experimental")
		ColourNote("steelblue", "", "via swskip                 > experimental")
		ColourNote("steelblue", "", "via add Category=Message   > adds a line to and creates category")
		ColourNote("steelblue", "", "via help                   > display help file")
		ColourNote("steelblue", "", "via debug                  > enables/disables debug for testing only")
		return
	end
	if (GetVariable(togName) == "1") then
		SetVariable(togName, "0")
		print("")
		printmsg("VI Assist " .. togName .. " has been disabled.")
		print("")
	else
		SetVariable(togName, "1")
		print("")
		printmsg("VI Assist " .. togName .. " has been enabled.")
		print("")
	end
end

--set up initial important categories
history_add(nil, nil, {"All", ""})
current_category = 1
history_add(nil, nil, {"Say", ""})
history_add(nil, nil, {"Tells", ""})
history_add(nil, nil, {"Group", ""})
history_add(nil, nil, {"Clan", ""})
history_add(nil, nil, {"Answers", ""})
history_add(nil, nil, {"Commerce", ""})
history_add(nil, nil, {"URLs", ""})
history_add(nil, nil, {"Quests", ""})
history_add(nil, nil, {"GQ", "" })
--history_add(nil, nil, {"CP", ""})

]]>
</script>
</muclient>