<?xml version="1.0" encoding="iso-8859-1"?>
<!DOCTYPE muclient>

<muclient>
<plugin
   name="Aardwolf_Portal_Stats"
   author="Pwar"
   id="b41d4ce98f00b204e9852134"
   language="Lua"
   purpose="Simple plugin to track common portal usage stats"
   date_written="2017-12-21 01:08:25"
   requires="4.76"
   version="1.0"
   save_state="y"
   >
<description trim="y">
<![CDATA[

]]>
</description>

</plugin>
<aliases>
<alias match="^portalstats$"
	enabled="y"
	sequence="100"
	script="portalCheck"
	regexp="y"
>
</alias>
</aliases>
<script>
<![CDATA[
local portalWatch = false
local currentPortal = {}
local portalData = {}
require "serialize"
require "gmcphelper"
dofile (GetInfo(60) .. "aardwolf_colors.lua")

function event_portal_entry(alias, line, wc)
	portalWatch = true
end

function portalCheck(alias, line, wc)

	if tablelength(portalData) == 0 then print("No portal stats collected yet.") return end
	print("")
	ColourTell("cornflowerblue", "", padRight("", 70, "-") .. "\r\n")
	ColourTell("cornflowerblue", "", padRight("AreaID", 20) .. padRight("Room Name", 30) .. padRight("Room #", 8) .. "Times used\r\n")
	ColourTell("cornflowerblue", "", padRight("", 70, "-") .. "\r\n")
	for key, val in pairs(portalData) do
		if val.destArea == nil then print("No portal stats collected yet.") return end
		ColourTell("cadetblue", "", padRight(val.destArea, 20) .. padRight(val.destRoomName, 30) .. padRight(val.destRoomNum, 8) .. val.count .. "\r\n")
	end
end

function OnPluginBroadcast (msg, id, name, text)

        if (id == '3e7dedbe37e44942dd46d264') then              -- GMCP Handler plugin
		
		if text == "room.info" then
			if portalWatch then
				portalWatch = false
				 currentPortal = {
					destRoomNum = gmcp("room.info.num"),
					destRoomName = strip_colours(gmcp("room.info.name")), 
					destArea = strip_colours(gmcp("room.info.zone")),
					count = 1
					}
				 if portalData[currentPortal.destArea] ~= nil then
					--print("Portal already exists in table... increasing count")
					portalData[currentPortal.destArea].count = portalData[currentPortal.destArea].count + 1
					--print("Portal has now been used " .. portalData[currentPortal.destArea].count .. " times.")
				 
				 else
					portalData[currentPortal.destArea] = currentPortal
				 end
				 SetVariable("portalData", serialize.save_simple(portalData))
			end
		end
	end
end


check (AddTriggerEx("event_portal_entry",
	   "^WHOOOOOOOOOOOOSH!$",
	   "",
	   trigger_flag.RegularExpression + trigger_flag.OmitFromLog + trigger_flag.OmitFromOutput + trigger_flag.Enabled,
	   -1, 0, "",
	   "event_portal_entry", sendto.script, 1))



function init()
	ColourTell("cornflowerblue", "", "\r\nPortal stats plugin loaded. Type ", "MediumSeaGreen", "", "portalstats", "cornflowerblue", "", " to display.\r\n")
	
	if GetVariable("portalData") ~= nil then
		local mystr = GetVariable("portalData")
		portalData = load( "return "..mystr)( )
		ColourTell("cornflowerblue", "", "Found and loaded existing portal data for " .. tablelength(portalData) .. " portals.\r\n")
	end
end
	
-- utils
function tablelength(table)
  local count = 0
  for _ in pairs(table) do count = count + 1 end
  return count
end

function padRight(text, length, padChar)
	if text == nil then return end
	local padding = length - string.len(text)
	if padChar == nil then padChar = " " end
	for i = 1, padding do
		text = text .. padChar
	end
	return text
end

init()
--compressed function to sort pairs properly
_10=pairs function _1(_6)local _2={}for _4 in _10(_6)do table.insert(_2,_4)end table.sort(_2)return _2 end function _3(_6,_5)if _5==nil then _6._7=_1(_6)_4=_6._7[1]return _4,_6[_4]end _4=nil for _8 = 1,table.getn(_6._7)do if _6._7[_8]==_5 then _4=_6._7[_8+1]end end if _4 then return _4,_6[_4]end _6._7=nil return end function _9(_6)return _3,_6,nil end pairs=_9
]]>
</script> 

</muclient>
