<?xml version="1.0" encoding="iso-8859-1"?>
<!DOCTYPE muclient>

<muclient>
<plugin
   name="Aardwolf_Season_Checker"
   author="Pwar"
   id="b41d8cd98f00b204e9854234"
   language="Lua"
   purpose="Shows current active bonus for the season when using time"
   date_written="2017-12-21 01:08:25"
   requires="4.76"
   version="1.0"
   >
<description trim="y">
<![CDATA[

]]>
</description>

</plugin>

<script>
<![CDATA[
local seasonData = {
	["the Sun"] =  { damType = "Light", days = "138" },
	["the Scourge"] =  { damType = "Disease", days = "162" },
	["the River"] =  { damType = "Water", days = "138" },
	["Song"] =  { damType = "Sonic", days = "150" },
	["Energy"] =  { damType = "Energy", days = "148" },
	["Earth"] =  { damType = "Earth", days = "140" },
	["the Snake"] =  { damType = "Poison", days = "142" },
	["the Sword"] =  { damType = "Slash", days = "140" },
	["the Freeze"] =  { damType = "Cold", days = "148" },
	["Thought"] =  { damType = "Mental", days = "148" },
	["Darkness"] =  { damType = "Shadow", days = "134" },
	["Corrosion"] =  { damType = "Acid", days = "136" },
	["the Dagger"] =  { damType = "Pierce", days = "120" },
	["the Storm"] =  { damType = "Electric", days = "131" },
	["Piety"] =  { damType = "Holy", days = "143" },
	["Suffering"] =  { damType = "Negative", days = "135" },
	["Burning"] =  { damType = "Fire", days = "144" },
	["the Tornado"] =  { damType = "Air", days = "142" },
	["the Stone"] =  { damType = "Bash", days = "120" },
	["the Magi"] =  { damType = "Magic", days = "138" }
	}

print("Season checker plugin loaded.")


function time_trigger(name, line, wc)
	ColourNote("LimeGreen", "", "  *  ", "White", "", "Season damage bonus is currently ", "MediumSeaGreen", "", seasonData[wc.season].damType, "White", "", " with " .. tonumber(seasonData[wc.season].days) - tonumber(wc.day) .. " days remaining.")
end

	check (AddTriggerEx("time_trigger",
	   "^  \\*  It is (?<hour>.+) on the (?<day>[0-9]+).+ of the Season of (?<season>.+), year (?<year>.+).$",
	   "",
	   trigger_flag.RegularExpression + trigger_flag.Enabled,
	   -1, 0, "",
	   "time_trigger", sendto.script, 1))

]]>
</script> 

</muclient>
